{"stats":{"minecraft:custom":{"minecraft:jump":1,"minecraft:open_chest":4,"minecraft:time_since_rest":5016,"minecraft:crouch_one_cm":856,"minecraft:leave_game":1,"minecraft:play_time":5016,"minecraft:time_since_death":5016,"minecraft:walk_one_cm":3538,"minecraft:sneak_time":185,"minecraft:total_world_time":9649,"minecraft:interact_with_crafting_table":4,"minecraft:drop":2,"minecraft:fly_one_cm":3722},"minecraft:dropped":{"braofholding:bra_of_dysphoria":2},"minecraft:picked_up":{"braofholding:bra_of_dysphoria":2},"minecraft:crafted":{"braofholding:decayed_diamond":2,"braofholding:bra_of_dysphoria":2,"braofholding:bra_of_holding":1},"minecraft:used":{"minecraft:chest":2,"minecraft:painting":4,"braofholding:bra_of_dysphoria":2,"minecraft:crafting_table":1}},"DataVersion":2860}